keyword,volume,seo_difficulty,cpc_usd,paid_difficulty,competition,intent,sources,market,language,extracted_at
declaratoria de herederos,1600,12,0.5,33,0.33,Informational,Ubersuggest seed,Argentina,es,2026-09-24
boletín oficial edictos declaratoria de herederos,480,20,0.38,33,0.33,Navigational,Ubersuggest match_keywords,Argentina,es,2026-09-24
después de la declaratoria de herederos que sigue,480,5,0.4,30,0.3,Informational,Ubersuggest match_keywords,Argentina,es,2026-09-24
que es declaratoria de herederos,480,8,0.07,39,0.39,Informational,Ubersuggest match_keywords | Google autocomplete prepositions,Argentina,es,2026-09-24
que es una declaratoria de herederos,390,18,0.085,42,0.42,,Ubersuggest match_keywords,Argentina,es,2026-09-24
declaratoria de herederos precio,210,7,0.39,52,0.52,Informational,Ubersuggest match_keywords | Google autocomplete suggestions,Argentina,es,2026-09-24
edictos declaratoria de herederos boletín oficial córdoba,210,16,0.34,14,0.14,Navigational,Ubersuggest match_keywords | Google autocomplete suggestions,Argentina,es,2026-09-24
la declaratoria de herederos tiene vencimiento,210,6,0.26,26,0.26,Informational,Ubersuggest match_keywords | Google autocomplete suggestions | Google autocomplete prepositions,Argentina,es,2026-09-24
como buscar una declaratoria de herederos,170,12,0.33,32,0.32,Informational,Ubersuggest match_keywords | Google autocomplete suggestions,Argentina,es,2026-09-24
declaratoria de herederos precio 2024,170,9,0.22,47,0.47,Commercial,Ubersuggest match_keywords | Google autocomplete suggestions,Argentina,es,2026-09-24
edictos declaratoria de herederos boletin oficial cordoba,170,15,0.27,27,0.27,Navigational,Ubersuggest match_keywords,Argentina,es,2026-09-24
inscripcion declaratoria de herederos,170,12,0.58,16,0.16,Navigational,Ubersuggest match_keywords,Argentina,es,2026-09-24
inscripción declaratoria de herederos,170,13,0.505,15,0.15,Navigational,Ubersuggest match_keywords,Argentina,es,2026-09-24
cuanto sale una declaratoria de herederos,140,6,0.14,44,0.44,Commercial,Ubersuggest match_keywords | Google autocomplete suggestions,Argentina,es,2026-09-24
declaratoria de herederos argentina,140,12,0.28,48,0.48,Informational,Ubersuggest match_keywords | Google autocomplete suggestions,Argentina,es,2026-09-24
declaratoria de herederos gratis,140,14,0.13,55,0.55,Commercial,Ubersuggest match_keywords | Google autocomplete suggestions,Argentina,es,2026-09-24
declaratoria de herederos en argentina,110,12,0.12,42,0.42,Commercial,Ubersuggest match_keywords | Google autocomplete suggestions,Argentina,es,2026-09-24
declaratoria de herederos modelo,90,15,0.235,30,0.3,,Ubersuggest match_keywords | Google autocomplete suggestions,Argentina,es,2026-09-24
declaratoria de herederos precio 2024 argentina,90,20,0,48,0.48,,Ubersuggest match_keywords | Google autocomplete suggestions,Argentina,es,2026-09-24
declaratoria de herederos santa fe,90,12,0,23,0.23,,Ubersuggest match_keywords | Google autocomplete suggestions,Argentina,es,2026-09-24
inscripcion de declaratoria de herederos,90,11,0.385,25,0.25,Navigational,Ubersuggest match_keywords,Argentina,es,2026-09-24
inscripción declaratoria de herederos santa fe,90,11,0,10,0.1,Commercial,Ubersuggest match_keywords | Google autocomplete suggestions,Argentina,es,2026-09-24
se puede alquilar una propiedad sin declaratoria de herederos argentina,90,11,0.485,45,0.45,Commercial,Ubersuggest match_keywords | Google autocomplete prepositions,Argentina,es,2026-09-24
se puede vender auto sin declaratoria de herederos,90,11,0.35,32,0.32,Commercial,Ubersuggest match_keywords | Google autocomplete prepositions,Argentina,es,2026-09-24
con la declaratoria de herederos se puede vender un auto,70,13,0.305,24,0.24,,Ubersuggest match_keywords | Google autocomplete prepositions,Argentina,es,2026-09-24
declaratoria de herederos cordoba,70,21,0.255,50,0.5,,Ubersuggest match_keywords | Google autocomplete suggestions,Argentina,es,2026-09-24
declaratoria de herederos inscripción por tracto abreviado,70,17,0.27,39,0.39,,Ubersuggest match_keywords | Google autocomplete suggestions,Argentina,es,2026-09-24
boletín oficial edictos declaratoria de herederos san juan,50,6,0,3,0.03,,Ubersuggest match_keywords,Argentina,es,2026-09-24
cuanto cuesta una declaratoria de herederos en argentina,50,20,0.185,48,0.48,,Ubersuggest match_keywords | Google autocomplete suggestions,Argentina,es,2026-09-24
cuanto cuesta una declaratoria de herederos en córdoba,50,21,0.43,52,0.52,,Ubersuggest match_keywords,Argentina,es,2026-09-24
cuanto demora una declaratoria de herederos,50,17,0.215,38,0.38,,Ubersuggest match_keywords,Argentina,es,2026-09-24
cuanto sale una declaratoria de herederos en cordoba,50,19,0.185,46,0.46,,Ubersuggest match_keywords | Google autocomplete suggestions,Argentina,es,2026-09-24
cuanto tarda una declaratoria de herederos,50,19,0.15,46,0.46,,Ubersuggest match_keywords | Google autocomplete suggestions,Argentina,es,2026-09-24
declaratoria de herederos cuanto tarda,50,21,0.105,53,0.53,,Ubersuggest match_keywords | Google autocomplete suggestions,Argentina,es,2026-09-24
declaratoria de herederos en cordoba,50,18,0.32,42,0.42,,Ubersuggest match_keywords | Google autocomplete suggestions,Argentina,es,2026-09-24
declaratoria de herederos que es,50,18,0.065,42,0.42,,Ubersuggest match_keywords | Google autocomplete suggestions,Argentina,es,2026-09-24
declaratoria de herederos y sucesion es lo mismo,50,17,0.15,37,0.37,,Ubersuggest match_keywords | Google autocomplete suggestions | Google autocomplete comparisons,Argentina,es,2026-09-24
después de la declaratoria de herederos que sigue argentina,50,15,0.3,31,0.31,,Ubersuggest match_keywords | Google autocomplete suggestions,Argentina,es,2026-09-24
honorarios declaratoria de herederos córdoba,50,19,0.44,44,0.44,,Ubersuggest match_keywords | Google autocomplete suggestions,Argentina,es,2026-09-24
modelo oficio registro automotor inscripción declaratoria de herederos,50,8,0,8,0.08,,Ubersuggest match_keywords,Argentina,es,2026-09-24
testimonio declaratoria de herederos,50,11,0,17,0.17,,Ubersuggest match_keywords | Google autocomplete suggestions,Argentina,es,2026-09-24
declaratoria de herederos código civil y comercial,40,10,0,16,0.16,,Ubersuggest match_keywords | Google autocomplete suggestions,Argentina,es,2026-09-24
modelo declaratoria de herederos nuevo código,40,15,0,33,0.33,,Ubersuggest match_keywords | Google autocomplete suggestions,Argentina,es,2026-09-24
como es una declaratoria de herederos,30,16,0.06,35,0.35,,Ubersuggest match_keywords | Google autocomplete questions,Argentina,es,2026-09-24
declaratoria de herederos precio 2025 argentina,30,21,0.215,50,0.5,,Ubersuggest match_keywords | Google autocomplete suggestions,Argentina,es,2026-09-24
declaratoria de herederos provincia de buenos aires,30,20,0.505,47,0.47,,Ubersuggest match_keywords | Google autocomplete suggestions,Argentina,es,2026-09-24
declaratoria de herederos tracto abreviado,30,16,0,34,0.34,,Ubersuggest match_keywords | Google autocomplete suggestions,Argentina,es,2026-09-24
donde se inscribe la declaratoria de herederos,30,17,0.16,37,0.37,,Ubersuggest match_keywords | Google autocomplete questions,Argentina,es,2026-09-24
para que sirve la declaratoria de herederos,30,15,0.11,31,0.31,,Ubersuggest match_keywords,Argentina,es,2026-09-24
que es una declaratoria de herederos en argentina,30,21,0.05,50,0.5,,Ubersuggest match_keywords | Google autocomplete questions,Argentina,es,2026-09-24
que significa declaratoria de herederos,30,18,0.05,42,0.42,,Ubersuggest match_keywords,Argentina,es,2026-09-24
ampliación de declaratoria de herederos código civil y comercial,20,12,0,23,0.23,,Ubersuggest match_keywords,Argentina,es,2026-09-24
boleto de compraventa sin declaratoria de herederos,20,12,0,20,0.2,,Ubersuggest match_keywords | Google autocomplete prepositions,Argentina,es,2026-09-24
como hacer una declaratoria de herederos,20,23,0.295,59,0.59,,Ubersuggest match_keywords,Argentina,es,2026-09-24
como inscribir una declaratoria de herederos en el registro automotor,20,12,0,23,0.23,,Ubersuggest match_keywords | Google autocomplete questions,Argentina,es,2026-09-24
con la declaratoria de herederos se puede vender,20,21,0.11,51,0.51,,Ubersuggest match_keywords | Google autocomplete prepositions,Argentina,es,2026-09-24
declaratoria de herederos anses,20,21,0.12,52,0.52,,Ubersuggest match_keywords | Google autocomplete suggestions,Argentina,es,2026-09-24
declaratoria de herederos bienes personales,20,11,0,19,0.19,,Ubersuggest match_keywords | Google autocomplete suggestions,Argentina,es,2026-09-24
declaratoria de herederos es lo mismo que sucesion,20,12,0,23,0.23,,Ubersuggest match_keywords | Google autocomplete suggestions,Argentina,es,2026-09-24
declaratoria de herederos modelo argentina,20,12,0,20,0.2,,Ubersuggest match_keywords | Google autocomplete suggestions,Argentina,es,2026-09-24
declaratoria de herederos precio argentina,20,26,0.235,67,0.67,,Ubersuggest match_keywords | Google autocomplete suggestions,Argentina,es,2026-09-24
formulario declaratoria de herederos,20,9,0,13,0.13,,Ubersuggest match_keywords | Google autocomplete suggestions,Argentina,es,2026-09-24
honorarios declaratoria de herederos,20,16,0,36,0.36,,Ubersuggest match_keywords,Argentina,es,2026-09-24
honorarios declaratoria de herederos santa fe,20,10,0.075,14,0.14,,Ubersuggest match_keywords | Google autocomplete suggestions,Argentina,es,2026-09-24
inscripcion declaratoria de herederos registro propiedad inmueble,20,10,0,16,0.16,,Ubersuggest match_keywords | Google autocomplete suggestions,Argentina,es,2026-09-24
inscripcion declaratoria de herederos rpi,20,10,0,15,0.15,,Ubersuggest match_keywords | Google autocomplete suggestions,Argentina,es,2026-09-24
luego de la declaratoria de herederos que sigue,20,17,0.155,37,0.37,,Ubersuggest match_keywords,Argentina,es,2026-09-24
que es la declaratoria de herederos en una sucesion,20,22,0.045,54,0.54,,Ubersuggest match_keywords | Google autocomplete prepositions,Argentina,es,2026-09-24
quien hace la declaratoria de herederos,20,20,0.105,47,0.47,,Ubersuggest match_keywords,Argentina,es,2026-09-24
solicita declaratoria de herederos,20,12,0,21,0.21,,Ubersuggest match_keywords,Argentina,es,2026-09-24
sucesion declaratoria de herederos,20,17,0,37,0.37,,Ubersuggest match_keywords,Argentina,es,2026-09-24
auto de declaratoria de herederos,10,14,0,27,0.27,,Ubersuggest match_keywords,Argentina,es,2026-09-24
bienes personales declaratoria de herederos,10,11,0,17,0.17,,Ubersuggest match_keywords,Argentina,es,2026-09-24
cesión de derechos hereditarios después de la declaratoria de herederos,10,12,0,21,0.21,,Ubersuggest match_keywords,Argentina,es,2026-09-24
como hacer declaratoria de herederos,10,23,0.19,59,0.59,,Ubersuggest match_keywords | Google autocomplete questions,Argentina,es,2026-09-24
como hacer declaratoria de herederos en bolivia,10,7,0,5,0.05,,Ubersuggest match_keywords | Google autocomplete questions,Argentina,es,2026-09-24
como hacer una declaratoria de herederos en argentina,10,24,0.1,63,0.63,,Ubersuggest match_keywords | Google autocomplete questions,Argentina,es,2026-09-24
como inscribir una declaratoria de herederos en capital federal,10,14,0,28,0.29,,Ubersuggest match_keywords,Argentina,es,2026-09-24
como se hace declaratoria de herederos,10,23,0,56,0.57,,Ubersuggest match_keywords,Argentina,es,2026-09-24
como solicitar declaratoria de herederos,10,5,0,1,0,,Ubersuggest match_keywords | Google autocomplete questions,Argentina,es,2026-09-24
cuanto cuesta una declaratoria de herederos en bolivia,10,5,0,1,0,,Ubersuggest match_keywords,Argentina,es,2026-09-24
cuanto cuesta una declaratoria de herederos en puerto rico,10,31,0,86,0.86,,Ubersuggest match_keywords | Google autocomplete suggestions,Argentina,es,2026-09-24
declaratoria de herederos apta para tracto abreviado,10,13,0,24,0.24,,Ubersuggest match_keywords | Google autocomplete suggestions,Argentina,es,2026-09-24
declaratoria de herederos bolivia modelo,10,5,0,1,0,,Ubersuggest match_keywords | Google autocomplete suggestions,Argentina,es,2026-09-24
declaratoria de herederos bolivia pdf,10,5,0,1,0,,Ubersuggest match_keywords | Google autocomplete suggestions,Argentina,es,2026-09-24
declaratoria de herederos bolivia precio,10,5,0,1,0,,Ubersuggest match_keywords,Argentina,es,2026-09-24
declaratoria de herederos caba,10,22,0.445,55,0.55,,Ubersuggest match_keywords | Google autocomplete suggestions,Argentina,es,2026-09-24
declaratoria de herederos codigo civil,10,10,0,14,0.14,,Ubersuggest match_keywords | Google autocomplete suggestions,Argentina,es,2026-09-24
declaratoria de herederos concepto,10,10,0,14,0.14,,Ubersuggest match_keywords | Google autocomplete suggestions,Argentina,es,2026-09-24
declaratoria de herederos definicion,10,5,0,1,0,,Ubersuggest match_keywords,Argentina,es,2026-09-24
declaratoria de herederos ejemplo,10,16,0,36,0.36,,Ubersuggest match_keywords | Google autocomplete suggestions,Argentina,es,2026-09-24
declaratoria de herederos en cuba,10,5,0,1,0,,Ubersuggest match_keywords | Google autocomplete suggestions,Argentina,es,2026-09-24
declaratoria de herederos en españa,10,5,0,1,0,,Ubersuggest match_keywords,Argentina,es,2026-09-24
declaratoria de herederos en puerto rico,10,5,0,1,0,,Ubersuggest match_keywords | Google autocomplete suggestions,Argentina,es,2026-09-24
declaratoria de herederos en vida,10,14,0,28,0.29,,Ubersuggest match_keywords | Google autocomplete suggestions,Argentina,es,2026-09-24
declaratoria de herederos es igual que sucesion intestada,10,14,0,28,0.29,,Ubersuggest match_keywords | Google autocomplete suggestions | Google autocomplete comparisons,Argentina,es,2026-09-24
declaratoria de herederos españa,10,5,0,1,0,,Ubersuggest match_keywords | Google autocomplete suggestions,Argentina,es,2026-09-24
declaratoria de herederos in english,10,5,0,1,0,,Ubersuggest match_keywords,Argentina,es,2026-09-24
declaratoria de herederos judicial,10,25,0,64,0.64,,Ubersuggest match_keywords | Google autocomplete suggestions,Argentina,es,2026-09-24
declaratoria de herederos notarial,10,5,0,1,0,,Ubersuggest match_keywords | Google autocomplete suggestions,Argentina,es,2026-09-24
declaratoria de herederos nuevo código civil,10,31,0,86,0.86,,Ubersuggest match_keywords,Argentina,es,2026-09-24
declaratoria de herederos online,10,30,0,81,0.81,,Ubersuggest match_keywords | Google autocomplete suggestions,Argentina,es,2026-09-24
declaratoria de herederos para que sirve,10,21,0.065,50,0.5,,Ubersuggest match_keywords | Google autocomplete suggestions,Argentina,es,2026-09-24
declaratoria de herederos paraguay,10,5,0,1,0,,Ubersuggest match_keywords | Google autocomplete suggestions,Argentina,es,2026-09-24
declaratoria de herederos peru,10,18,0,43,0.43,,Ubersuggest match_keywords,Argentina,es,2026-09-24
declaratoria de herederos perú,10,5,0,1,0,,Ubersuggest match_keywords | Google autocomplete suggestions,Argentina,es,2026-09-24
declaratoria de herederos rosario,10,14,0,27,0.27,,Ubersuggest match_keywords | Google autocomplete suggestions,Argentina,es,2026-09-24
declaratoria de herederos santa fe modelo,10,11,0,18,0.18,,Ubersuggest match_keywords | Google autocomplete suggestions,Argentina,es,2026-09-24
declaratoria de herederos uruguay,10,18,0,43,0.43,,Ubersuggest match_keywords | Google autocomplete suggestions,Argentina,es,2026-09-24
declaratoria de herederos venta inmueble,10,27,0,71,0.71,,Ubersuggest match_keywords | Google autocomplete suggestions | Google autocomplete comparisons,Argentina,es,2026-09-24
declaratoria de herederos vía judicial bolivia,10,5,0,1,0,,Ubersuggest match_keywords | Google autocomplete suggestions,Argentina,es,2026-09-24
declaratoria de herederos y sucesion,10,21,0,50,0.5,,Ubersuggest match_keywords | Google autocomplete suggestions | Google autocomplete comparisons,Argentina,es,2026-09-24
declaratoria de herederos y sucesion intestada,10,5,0,1,0,,Ubersuggest match_keywords | Google autocomplete suggestions | Google autocomplete comparisons,Argentina,es,2026-09-24
documentos para declaratoria de herederos,10,25,0,64,0.64,,Ubersuggest match_keywords | Google autocomplete prepositions,Argentina,es,2026-09-24
ficha declaratoria de herederos santa fe,10,10,0,16,0.16,,Ubersuggest match_keywords | Google autocomplete suggestions,Argentina,es,2026-09-24
la declaratoria de herederos,10,18,0.115,43,0.43,,Ubersuggest match_keywords | Google autocomplete prepositions,Argentina,es,2026-09-24
por qué es importante tramitar una declaratoria de herederos,10,5,0,1,0,,Ubersuggest match_keywords | Google autocomplete questions,Argentina,es,2026-09-24
puedo alquilar sin declaratoria de herederos,10,14,0,28,0.29,,Ubersuggest match_keywords | Google autocomplete prepositions,Argentina,es,2026-09-24
que es una declaratoria de herederos en puerto rico,10,5,0,1,0,,Ubersuggest match_keywords | Google autocomplete suggestions | Google autocomplete prepositions,Argentina,es,2026-09-24
que sale una declaratoria de herederos,10,21,0.265,52,0.52,,Ubersuggest match_keywords | Google autocomplete prepositions,Argentina,es,2026-09-24
solicita declaratoria de herederos modelo,10,14,0,28,0.29,,Ubersuggest match_keywords | Google autocomplete suggestions,Argentina,es,2026-09-24
testimonio declaratoria de herederos modelo,10,10,0,14,0.14,,Ubersuggest match_keywords | Google autocomplete suggestions,Argentina,es,2026-09-24
venta de inmueble con declaratoria de herederos,10,18,0,43,0.43,,Ubersuggest match_keywords,Argentina,es,2026-09-24
abogados para declaratoria de herederos,0,4,0,1,0,,Ubersuggest match_keywords,Argentina,es,2026-09-24
abreviatura declaratoria de herederos,0,4,0,1,0,,Ubersuggest match_keywords,Argentina,es,2026-09-24
ampliacion declaratoria de herederos modelo,0,4,0,1,0,,Ubersuggest match_keywords | Google autocomplete suggestions,Argentina,es,2026-09-24
aportes declaratoria de herederos santa fe,0,4,0,1,0,,Ubersuggest match_keywords,Argentina,es,2026-09-24
audiencia de declaratoria de herederos,0,4,0,1,0,,Ubersuggest match_keywords,Argentina,es,2026-09-24
auto de declaratoria de herederos guatemala,0,4,0,1,0,,Ubersuggest match_keywords | Google autocomplete suggestions,Argentina,es,2026-09-24
auto declaratoria de herederos guatemala,0,4,0,1,0,,Ubersuggest match_keywords,Argentina,es,2026-09-24
auto declaratoria de herederos modelo guatemala,0,4,0,1,0,,Ubersuggest match_keywords | Google autocomplete suggestions,Argentina,es,2026-09-24
boletin oficial declaratoria de herederos cordoba,0,4,0,1,0,,Ubersuggest match_keywords | Google autocomplete suggestions,Argentina,es,2026-09-24
boletín oficial edictos declaratoria de herederos mendoza,0,4,0,1,0,,Ubersuggest match_keywords,Argentina,es,2026-09-24
canon locativo sin declaratoria de herederos,0,4,0,1,0,,Ubersuggest match_keywords | Google autocomplete prepositions,Argentina,es,2026-09-24
cesión de derechos hereditarios antes de la declaratoria de herederos,0,4,0,1,0,,Ubersuggest match_keywords,Argentina,es,2026-09-24
cesion de derechos hereditarios declaratoria de herederos,0,4,0,1,0,,Ubersuggest match_keywords,Argentina,es,2026-09-24
colabro declaratoria de herederos,0,4,0,1,0,,Ubersuggest match_keywords,Argentina,es,2026-09-24
como conseguir una declaratoria de herederos,0,4,0,1,0,,Ubersuggest match_keywords,Argentina,es,2026-09-24
como impugnar una declaratoria de herederos,0,4,0,1,0,,Ubersuggest match_keywords,Argentina,es,2026-09-24
como inscribir declaratoria de herederos,0,4,0,1,0,,Ubersuggest match_keywords | Google autocomplete questions,Argentina,es,2026-09-24
como obtener declaratoria de herederos,0,4,0,1,0,,Ubersuggest match_keywords | Google autocomplete questions,Argentina,es,2026-09-24
como pedir declaratoria de herederos,0,4,0,1,0,,Ubersuggest match_keywords,Argentina,es,2026-09-24
con declaratoria de herederos,0,4,0,1,0,,Ubersuggest match_keywords,Argentina,es,2026-09-24
con declaratoria de herederos se puede vender una propiedad,0,4,0,1,0,,Ubersuggest match_keywords | Google autocomplete prepositions,Argentina,es,2026-09-24
costo de declaratoria de herederos sin bienes,0,4,0,1,0,,Ubersuggest match_keywords,Argentina,es,2026-09-24
costo declaratoria de herederos bolivia,0,4,0,1,0,,Ubersuggest match_keywords,Argentina,es,2026-09-24
cual es la declaratoria de herederos,0,4,0,1,0,,Ubersuggest match_keywords | Google autocomplete questions,Argentina,es,2026-09-24
cual es la diferencia entre declaratoria de herederos y sucesion,0,4,0,1,0,,Ubersuggest match_keywords | Google autocomplete questions,Argentina,es,2026-09-24
cuál es la diferencia entre declaratoria de herederos y sucesión,0,4,0,1,0,,Ubersuggest match_keywords,Argentina,es,2026-09-24
cuando caduca la declaratoria de herederos,0,4,0,1,0,,Ubersuggest match_keywords | Google autocomplete questions,Argentina,es,2026-09-24
cuando causa estado la declaratoria de herederos,0,4,0,1,0,,Ubersuggest match_keywords | Google autocomplete questions,Argentina,es,2026-09-24
cuando queda firme la declaratoria de herederos,0,4,0,1,0,,Ubersuggest match_keywords | Google autocomplete questions,Argentina,es,2026-09-24
cuando sale la declaratoria de herederos,0,4,0,1,0,,Ubersuggest match_keywords | Google autocomplete questions,Argentina,es,2026-09-24
cuando se debe hacer una declaratoria de herederos,0,4,0,1,0,,Ubersuggest match_keywords,Argentina,es,2026-09-24
cuando se hace declaratoria de herederos,0,4,0,1,0,,Ubersuggest match_keywords | Google autocomplete questions,Argentina,es,2026-09-24
cuando se inscribe la declaratoria de herederos,0,4,0,1,0,,Ubersuggest match_keywords | Google autocomplete questions,Argentina,es,2026-09-24
cuando se pide la declaratoria de herederos,0,4,0,1,0,,Ubersuggest match_keywords | Google autocomplete questions,Argentina,es,2026-09-24
cuanto demora declaratoria de herederos,0,4,0,1,0,,Ubersuggest match_keywords,Argentina,es,2026-09-24
declaratoria de herederos 2022,0,4,0,1,0,,Ubersuggest match_keywords,Argentina,es,2026-09-24
declaratoria de herederos abogados,0,4,0,1,0,,Ubersuggest match_keywords | Google autocomplete suggestions,Argentina,es,2026-09-24
declaratoria de herederos abreviado,0,4,0,1,0,,Ubersuggest match_keywords,Argentina,es,2026-09-24
declaratoria de herederos abreviatura,0,4,0,1,0,,Ubersuggest match_keywords,Argentina,es,2026-09-24
declaratoria de herederos aeela,0,4,0,1,0,,Ubersuggest match_keywords | Google autocomplete suggestions,Argentina,es,2026-09-24
declaratoria de herederos anmac,0,4,0,1,0,,Ubersuggest match_keywords | Google autocomplete suggestions,Argentina,es,2026-09-24
declaratoria de herederos ante notario puerto rico,0,4,0,1,0,,Ubersuggest match_keywords,Argentina,es,2026-09-24
declaratoria de herederos argentina modelo,0,4,0,1,0,,Ubersuggest match_keywords,Argentina,es,2026-09-24
declaratoria de herederos argentina precio,0,4,0,1,0,,Ubersuggest match_keywords | Google autocomplete suggestions,Argentina,es,2026-09-24
declaratoria de herederos articulo,0,4,0,1,0,,Ubersuggest match_keywords | Google autocomplete suggestions,Argentina,es,2026-09-24
declaratoria de herederos aurea araya,0,4,0,1,0,,Ubersuggest match_keywords,Argentina,es,2026-09-24
declaratoria de herederos automotor,0,4,0,1,0,,Ubersuggest match_keywords | Google autocomplete suggestions,Argentina,es,2026-09-24
declaratoria de herederos ayuda legal,0,4,0,1,0,,Ubersuggest match_keywords | Google autocomplete suggestions,Argentina,es,2026-09-24
declaratoria de herederos bajo beneficio de inventario bolivia,0,4,0,1,0,,Ubersuggest match_keywords,Argentina,es,2026-09-24
declaratoria de herederos bolivia 2025,0,4,0,1,0,,Ubersuggest match_keywords | Google autocomplete suggestions,Argentina,es,2026-09-24
declaratoria de herederos bolivia articulo,0,4,0,1,0,,Ubersuggest match_keywords,Argentina,es,2026-09-24
declaratoria de herederos bolivia codigo civil,0,4,0,1,0,,Ubersuggest match_keywords | Google autocomplete suggestions,Argentina,es,2026-09-24
declaratoria de herederos bolivia costo,0,4,0,1,0,,Ubersuggest match_keywords | Google autocomplete suggestions,Argentina,es,2026-09-24
declaratoria de herederos bolivia nietos,0,4,0,1,0,,Ubersuggest match_keywords | Google autocomplete suggestions,Argentina,es,2026-09-24
declaratoria de herederos buenos aires,0,4,0,1,0,,Ubersuggest match_keywords | Google autocomplete suggestions,Argentina,es,2026-09-24
declaratoria de herederos buscar,0,4,0,1,0,,Ubersuggest match_keywords | Google autocomplete suggestions,Argentina,es,2026-09-24
declaratoria de herederos ccyc,0,4,0,1,0,,Ubersuggest match_keywords | Google autocomplete suggestions,Argentina,es,2026-09-24
declaratoria de herederos certificada,0,4,0,1,0,,Ubersuggest match_keywords,Argentina,es,2026-09-24
declaratoria de herederos cesion de derechos hereditarios,0,4,0,1,0,,Ubersuggest match_keywords | Google autocomplete suggestions,Argentina,es,2026-09-24
declaratoria de herederos cnr,0,4,0,1,0,,Ubersuggest match_keywords | Google autocomplete suggestions,Argentina,es,2026-09-24
declaratoria de herederos codigo civil bolivia,0,4,0,1,0,,Ubersuggest match_keywords,Argentina,es,2026-09-24
declaratoria de herederos codigo civil y comercial articulo,0,4,0,1,0,,Ubersuggest match_keywords | Google autocomplete suggestions | Google autocomplete comparisons,Argentina,es,2026-09-24
declaratoria de herederos codigo procesal civil cordoba,0,4,0,1,0,,Ubersuggest match_keywords,Argentina,es,2026-09-24
declaratoria de herederos como es,0,4,0,1,0,,Ubersuggest match_keywords,Argentina,es,2026-09-24
declaratoria de herederos como se hace,0,4,0,1,0,,Ubersuggest match_keywords | Google autocomplete suggestions,Argentina,es,2026-09-24
declaratoria de herederos competencia,0,4,0,1,0,,Ubersuggest match_keywords,Argentina,es,2026-09-24
declaratoria de herederos con beneficio de inventario,0,4,0,1,0,,Ubersuggest match_keywords | Google autocomplete suggestions,Argentina,es,2026-09-24
declaratoria de herederos con poder,0,4,0,1,0,,Ubersuggest match_keywords,Argentina,es,2026-09-24
declaratoria de herederos con testamento,0,4,0,1,0,,Ubersuggest match_keywords | Google autocomplete suggestions | Google autocomplete prepositions,Argentina,es,2026-09-24
declaratoria de herederos cordoba argentina,0,4,0,1,0,,Ubersuggest match_keywords | Google autocomplete suggestions,Argentina,es,2026-09-24
declaratoria de herederos cordoba precio,0,4,0,1,0,,Ubersuggest match_keywords | Google autocomplete suggestions,Argentina,es,2026-09-24
declaratoria de herederos cosa juzgada,0,4,0,1,0,,Ubersuggest match_keywords | Google autocomplete suggestions,Argentina,es,2026-09-24
declaratoria de herederos costa rica,0,4,0,1,0,,Ubersuggest match_keywords,Argentina,es,2026-09-24
declaratoria de herederos costo,0,4,0,1,0,,Ubersuggest match_keywords,Argentina,es,2026-09-24
declaratoria de herederos costo 2021 argentina,0,4,0,1,0,,Ubersuggest match_keywords,Argentina,es,2026-09-24
declaratoria de herederos cuando se hace,0,4,0,1,0,,Ubersuggest match_keywords | Google autocomplete suggestions,Argentina,es,2026-09-24
declaratoria de herederos cuanto dura,0,4,0,1,0,,Ubersuggest match_keywords | Google autocomplete suggestions,Argentina,es,2026-09-24
declaratoria de herederos cuanto sale,0,4,0,1,0,,Ubersuggest match_keywords,Argentina,es,2026-09-24
declaratoria de herederos cuba,0,4,0,1,0,,Ubersuggest match_keywords | Google autocomplete suggestions,Argentina,es,2026-09-24
declaratoria de herederos de menores de edad en bolivia,0,4,0,1,0,,Ubersuggest match_keywords | Google autocomplete suggestions,Argentina,es,2026-09-24
declaratoria de herederos demanda,0,4,0,1,0,,Ubersuggest match_keywords | Google autocomplete suggestions,Argentina,es,2026-09-24
declaratoria de herederos derechos reales,0,4,0,1,0,,Ubersuggest match_keywords | Google autocomplete suggestions,Argentina,es,2026-09-24
declaratoria de herederos digital,0,4,0,1,0,,Ubersuggest match_keywords | Google autocomplete suggestions,Argentina,es,2026-09-24
declaratoria de herederos dnrpa,0,4,0,1,0,,Ubersuggest match_keywords,Argentina,es,2026-09-24
declaratoria de herederos documentos,0,4,0,1,0,,Ubersuggest match_keywords | Google autocomplete suggestions,Argentina,es,2026-09-24
declaratoria de herederos donde se hace,0,4,0,1,0,,Ubersuggest match_keywords | Google autocomplete suggestions,Argentina,es,2026-09-24
declaratoria de herederos donde se publica,0,4,0,1,0,,Ubersuggest match_keywords | Google autocomplete suggestions,Argentina,es,2026-09-24
declaratoria de herederos el salvador,0,4,0,1,0,,Ubersuggest match_keywords,Argentina,es,2026-09-24
declaratoria de herederos el salvador lex,0,4,0,1,0,,Ubersuggest match_keywords | Google autocomplete suggestions,Argentina,es,2026-09-24
declaratoria de herederos en el codigo civil,0,4,0,1,0,,Ubersuggest match_keywords,Argentina,es,2026-09-24
declaratoria de herederos en el codigo civil y comercial,0,4,0,1,0,,Ubersuggest match_keywords,Argentina,es,2026-09-24
declaratoria de herederos en estados unidos,0,4,0,1,0,,Ubersuggest match_keywords | Google autocomplete suggestions,Argentina,es,2026-09-24
declaratoria de herederos en honduras,0,4,0,1,0,,Ubersuggest match_keywords,Argentina,es,2026-09-24
declaratoria de herederos en ingles translation,0,4,0,1,0,,Ubersuggest match_keywords,Argentina,es,2026-09-24
declaratoria de herederos en pr,0,4,0,1,0,,Ubersuggest match_keywords,Argentina,es,2026-09-24
declaratoria de herederos en sucesion testamentaria,0,4,0,1,0,,Ubersuggest match_keywords | Google autocomplete suggestions,Argentina,es,2026-09-24
declaratoria de herederos en venezuela,0,4,0,1,0,,Ubersuggest match_keywords,Argentina,es,2026-09-24
declaratoria de herederos es igual a sucesion intestada,0,4,0,1,0,,Ubersuggest match_keywords,Argentina,es,2026-09-24
declaratoria de herederos es lo mismo que sucesion intestada,0,4,0,1,0,,Ubersuggest match_keywords | Google autocomplete suggestions,Argentina,es,2026-09-24
declaratoria de herederos es lo mismo que sucesión intestada,0,4,0,1,0,,Ubersuggest match_keywords,Argentina,es,2026-09-24
declaratoria de herederos escrito,0,4,0,1,0,,Ubersuggest match_keywords,Argentina,es,2026-09-24
declaratoria de herederos expediente,0,4,0,1,0,,Ubersuggest match_keywords,Argentina,es,2026-09-24
declaratoria de herederos firme,0,4,0,1,0,,Ubersuggest match_keywords,Argentina,es,2026-09-24
declaratoria de herederos formulario,0,4,0,1,0,,Ubersuggest match_keywords,Argentina,es,2026-09-24
declaratoria de herederos forzosos,0,4,0,1,0,,Ubersuggest match_keywords | Google autocomplete suggestions,Argentina,es,2026-09-24
declaratoria de herederos ganancias,0,4,0,1,0,,Ubersuggest match_keywords | Google autocomplete suggestions,Argentina,es,2026-09-24
declaratoria de herederos gratis en puerto rico,0,4,0,1,0,,Ubersuggest match_keywords | Google autocomplete suggestions,Argentina,es,2026-09-24
declaratoria de herederos guanajuato,0,4,0,1,0,,Ubersuggest match_keywords,Argentina,es,2026-09-24
declaratoria de herederos guatemala,0,4,0,1,0,,Ubersuggest match_keywords | Google autocomplete suggestions,Argentina,es,2026-09-24
declaratoria de herederos hacienda,0,4,0,1,0,,Ubersuggest match_keywords,Argentina,es,2026-09-24
declaratoria de herederos heredero fallecido,0,4,0,1,0,,Ubersuggest match_keywords | Google autocomplete suggestions,Argentina,es,2026-09-24
declaratoria de herederos igj,0,4,0,1,0,,Ubersuggest match_keywords | Google autocomplete suggestions | Google autocomplete comparisons,Argentina,es,2026-09-24
declaratoria de herederos impuestos,0,4,0,1,0,,Ubersuggest match_keywords,Argentina,es,2026-09-24
declaratoria de herederos ingles,0,4,0,1,0,,Ubersuggest match_keywords | Google autocomplete suggestions,Argentina,es,2026-09-24
declaratoria de herederos inra,0,4,0,1,0,,Ubersuggest match_keywords,Argentina,es,2026-09-24
declaratoria de herederos inscripta,0,4,0,1,0,,Ubersuggest match_keywords | Google autocomplete suggestions | Google autocomplete comparisons,Argentina,es,2026-09-24
declaratoria de herederos jalisco,0,4,0,1,0,,Ubersuggest match_keywords | Google autocomplete suggestions,Argentina,es,2026-09-24
declaratoria de herederos judicial peru,0,4,0,1,0,,Ubersuggest match_keywords | Google autocomplete suggestions,Argentina,es,2026-09-24
declaratoria de herederos jujuy,0,4,0,1,0,,Ubersuggest match_keywords,Argentina,es,2026-09-24
declaratoria de herederos jurisdiccion,0,4,0,1,0,,Ubersuggest match_keywords,Argentina,es,2026-09-24
declaratoria de herederos jurisprudencia,0,4,0,1,0,,Ubersuggest match_keywords | Google autocomplete suggestions,Argentina,es,2026-09-24
declaratoria de herederos jus,0,4,0,1,0,,Ubersuggest match_keywords | Google autocomplete suggestions,Argentina,es,2026-09-24
declaratoria de herederos jus mendoza,0,4,0,1,0,,Ubersuggest match_keywords,Argentina,es,2026-09-24
declaratoria de herederos la paz bolivia,0,4,0,1,0,,Ubersuggest match_keywords,Argentina,es,2026-09-24
declaratoria de herederos laboral,0,4,0,1,0,,Ubersuggest match_keywords,Argentina,es,2026-09-24
declaratoria de herederos legales,0,4,0,1,0,,Ubersuggest match_keywords | Google autocomplete suggestions,Argentina,es,2026-09-24
declaratoria de herederos ley,0,4,0,1,0,,Ubersuggest match_keywords | Google autocomplete suggestions,Argentina,es,2026-09-24
declaratoria de herederos lima peru,0,4,0,1,0,,Ubersuggest match_keywords,Argentina,es,2026-09-24
declaratoria de herederos lp,0,4,0,1,0,,Ubersuggest match_keywords,Argentina,es,2026-09-24
declaratoria de herederos mendoza,0,4,0,1,0,,Ubersuggest match_keywords | Google autocomplete suggestions,Argentina,es,2026-09-24
declaratoria de herederos menores de edad,0,4,0,1,0,,Ubersuggest match_keywords | Google autocomplete suggestions,Argentina,es,2026-09-24
declaratoria de herederos menores de edad bolivia,0,4,0,1,0,,Ubersuggest match_keywords | Google autocomplete suggestions,Argentina,es,2026-09-24
declaratoria de herederos modelo bolivia,0,4,0,1,0,,Ubersuggest match_keywords,Argentina,es,2026-09-24
declaratoria de herederos nietos,0,4,0,1,0,,Ubersuggest match_keywords | Google autocomplete suggestions,Argentina,es,2026-09-24
declaratoria de herederos no causa estado,0,4,0,1,0,,Ubersuggest match_keywords | Google autocomplete suggestions,Argentina,es,2026-09-24
declaratoria de herederos no inscripta,0,4,0,1,0,,Ubersuggest match_keywords | Google autocomplete suggestions,Argentina,es,2026-09-24
declaratoria de herederos notarial perú,0,4,0,1,0,,Ubersuggest match_keywords | Google autocomplete suggestions,Argentina,es,2026-09-24
declaratoria de herederos o,0,4,0,1,0,,Ubersuggest match_keywords | Google autocomplete suggestions | Google autocomplete comparisons,Argentina,es,2026-09-24
declaratoria de herederos o aceptación de herencia,0,4,0,1,0,,Ubersuggest match_keywords | Google autocomplete suggestions | Google autocomplete comparisons,Argentina,es,2026-09-24
declaratoria de herederos o aprobación del testamento,0,4,0,1,0,,Ubersuggest match_keywords,Argentina,es,2026-09-24
declaratoria de herederos o sucesion,0,4,0,1,0,,Ubersuggest match_keywords,Argentina,es,2026-09-24
declaratoria de herederos o testamento,0,4,0,1,0,,Ubersuggest match_keywords | Google autocomplete suggestions | Google autocomplete comparisons,Argentina,es,2026-09-24
declaratoria de herederos o'aceptación de herencia,0,4,0,1,0,,Ubersuggest match_keywords,Argentina,es,2026-09-24
declaratoria de herederos pasos,0,4,0,1,0,,Ubersuggest match_keywords,Argentina,es,2026-09-24
declaratoria de herederos pasos a seguir,0,4,0,1,0,,Ubersuggest match_keywords,Argentina,es,2026-09-24
declaratoria de herederos pdf,0,4,0,1,0,,Ubersuggest match_keywords | Google autocomplete suggestions,Argentina,es,2026-09-24
declaratoria de herederos peru requisitos,0,4,0,1,0,,Ubersuggest match_keywords | Google autocomplete suggestions,Argentina,es,2026-09-24
declaratoria de herederos plazo,0,4,0,1,0,,Ubersuggest match_keywords | Google autocomplete suggestions,Argentina,es,2026-09-24
declaratoria de herederos poder judicial,0,4,0,1,0,,Ubersuggest match_keywords | Google autocomplete suggestions,Argentina,es,2026-09-24
declaratoria de herederos por derecho propio,0,4,0,1,0,,Ubersuggest match_keywords | Google autocomplete suggestions,Argentina,es,2026-09-24
declaratoria de herederos por derecho propio puerto rico,0,4,0,1,0,,Ubersuggest match_keywords | Google autocomplete suggestions,Argentina,es,2026-09-24
declaratoria de herederos por escritura,0,4,0,1,0,,Ubersuggest match_keywords,Argentina,es,2026-09-24
declaratoria de herederos por estirpe,0,4,0,1,0,,Ubersuggest match_keywords,Argentina,es,2026-09-24
declaratoria de herederos por representacion,0,4,0,1,0,,Ubersuggest match_keywords,Argentina,es,2026-09-24
declaratoria de herederos precio 2025,0,4,0,1,0,,Ubersuggest match_keywords | Google autocomplete suggestions,Argentina,es,2026-09-24
declaratoria de herederos precio perú,0,4,0,1,0,,Ubersuggest match_keywords,Argentina,es,2026-09-24
declaratoria de herederos proceso,0,4,0,1,0,,Ubersuggest match_keywords,Argentina,es,2026-09-24
declaratoria de herederos proz,0,4,0,1,0,,Ubersuggest match_keywords,Argentina,es,2026-09-24
declaratoria de herederos puebla,0,4,0,1,0,,Ubersuggest match_keywords,Argentina,es,2026-09-24
declaratoria de herederos puerto rico costo,0,4,0,1,0,,Ubersuggest match_keywords | Google autocomplete suggestions,Argentina,es,2026-09-24
declaratoria de herederos puerto rico formulario,0,4,0,1,0,,Ubersuggest match_keywords,Argentina,es,2026-09-24
declaratoria de herederos puerto rico modelo,0,4,0,1,0,,Ubersuggest match_keywords | Google autocomplete suggestions,Argentina,es,2026-09-24
declaratoria de herederos puerto rico pdf,0,4,0,1,0,,Ubersuggest match_keywords,Argentina,es,2026-09-24
declaratoria de herederos puerto rico precio,0,4,0,1,0,,Ubersuggest match_keywords,Argentina,es,2026-09-24
declaratoria de herederos que se necesita,0,4,0,1,0,,Ubersuggest match_keywords | Google autocomplete suggestions,Argentina,es,2026-09-24
declaratoria de herederos que sigue,0,4,0,1,0,,Ubersuggest match_keywords | Google autocomplete suggestions,Argentina,es,2026-09-24
declaratoria de herederos que tipo de proceso es,0,4,0,1,0,,Ubersuggest match_keywords | Google autocomplete suggestions,Argentina,es,2026-09-24
declaratoria de herederos quien la hace,0,4,0,1,0,,Ubersuggest match_keywords | Google autocomplete suggestions,Argentina,es,2026-09-24
declaratoria de herederos registro,0,4,0,1,0,,Ubersuggest match_keywords,Argentina,es,2026-09-24
declaratoria de herederos registro automotor,0,4,0,1,0,,Ubersuggest match_keywords,Argentina,es,2026-09-24
declaratoria de herederos renar,0,4,0,1,0,,Ubersuggest match_keywords | Google autocomplete suggestions,Argentina,es,2026-09-24
declaratoria de herederos republica dominicana,0,4,0,1,0,,Ubersuggest match_keywords | Google autocomplete suggestions,Argentina,es,2026-09-24
declaratoria de herederos requisitos argentina,0,4,0,1,0,,Ubersuggest match_keywords | Google autocomplete suggestions,Argentina,es,2026-09-24
declaratoria de herederos requisitos bolivia,0,4,0,1,0,,Ubersuggest match_keywords | Google autocomplete suggestions,Argentina,es,2026-09-24
declaratoria de herederos requisitos peru,0,4,0,1,0,,Ubersuggest match_keywords,Argentina,es,2026-09-24
declaratoria de herederos rio negro,0,4,0,1,0,,Ubersuggest match_keywords | Google autocomplete suggestions,Argentina,es,2026-09-24
declaratoria de herederos salta,0,4,0,1,0,,Ubersuggest match_keywords,Argentina,es,2026-09-24
declaratoria de herederos san juan,0,4,0,1,0,,Ubersuggest match_keywords | Google autocomplete suggestions,Argentina,es,2026-09-24
declaratoria de herederos san luis,0,4,0,1,0,,Ubersuggest match_keywords,Argentina,es,2026-09-24
declaratoria de herederos santa cruz,0,4,0,1,0,,Ubersuggest match_keywords,Argentina,es,2026-09-24
declaratoria de herederos se puede vender,0,4,0,1,0,,Ubersuggest match_keywords | Google autocomplete suggestions,Argentina,es,2026-09-24
declaratoria de herederos sentencia,0,4,0,1,0,,Ubersuggest match_keywords | Google autocomplete suggestions,Argentina,es,2026-09-24
declaratoria de herederos significado,0,4,0,1,0,,Ubersuggest match_keywords | Google autocomplete suggestions,Argentina,es,2026-09-24
declaratoria de herederos sin abogado,0,4,0,1,0,,Ubersuggest match_keywords | Google autocomplete suggestions | Google autocomplete prepositions,Argentina,es,2026-09-24
declaratoria de herederos sin bienes,0,4,0,1,0,,Ubersuggest match_keywords | Google autocomplete suggestions | Google autocomplete prepositions,Argentina,es,2026-09-24
declaratoria de herederos sin perjuicio de terceros,0,4,0,1,0,,Ubersuggest match_keywords,Argentina,es,2026-09-24
declaratoria de herederos sin testamento,0,4,0,1,0,,Ubersuggest match_keywords | Google autocomplete suggestions | Google autocomplete prepositions,Argentina,es,2026-09-24
declaratoria de herederos sinonimo,0,4,0,1,0,,Ubersuggest match_keywords,Argentina,es,2026-09-24
declaratoria de herederos sucesion intestada,0,4,0,1,0,,Ubersuggest match_keywords | Google autocomplete suggestions,Argentina,es,2026-09-24
declaratoria de herederos sucesion testamentaria,0,4,0,1,0,,Ubersuggest match_keywords | Google autocomplete suggestions,Argentina,es,2026-09-24
declaratoria de herederos tenerife,0,4,0,1,0,,Ubersuggest match_keywords,Argentina,es,2026-09-24
declaratoria de herederos testamentaria,0,4,0,1,0,,Ubersuggest match_keywords | Google autocomplete suggestions,Argentina,es,2026-09-24
declaratoria de herederos testamento,0,4,0,1,0,,Ubersuggest match_keywords | Google autocomplete suggestions,Argentina,es,2026-09-24
declaratoria de herederos testimonio,0,4,0,1,0,,Ubersuggest match_keywords,Argentina,es,2026-09-24
declaratoria de herederos tiempo,0,4,0,1,0,,Ubersuggest match_keywords | Google autocomplete suggestions,Argentina,es,2026-09-24
declaratoria de herederos traduccion en ingles,0,4,0,1,0,,Ubersuggest match_keywords | Google autocomplete suggestions,Argentina,es,2026-09-24
declaratoria de herederos translate in english,0,4,0,1,0,,Ubersuggest match_keywords,Argentina,es,2026-09-24
declaratoria de herederos tucuman,0,4,0,1,0,,Ubersuggest match_keywords | Google autocomplete suggestions,Argentina,es,2026-09-24
declaratoria de herederos únicos y universales,0,4,0,1,0,,Ubersuggest match_keywords,Argentina,es,2026-09-24
declaratoria de herederos universal,0,4,0,1,0,,Ubersuggest match_keywords | Google autocomplete suggestions,Argentina,es,2026-09-24
declaratoria de herederos valor,0,4,0,1,0,,Ubersuggest match_keywords | Google autocomplete suggestions | Google autocomplete comparisons,Argentina,es,2026-09-24
declaratoria de herederos venezuela,0,4,0,1,0,,Ubersuggest match_keywords | Google autocomplete suggestions,Argentina,es,2026-09-24
declaratoria de herederos via judicial,0,4,0,1,0,,Ubersuggest match_keywords | Google autocomplete suggestions,Argentina,es,2026-09-24
declaratoria de herederos vía judicial,0,4,0,1,0,,Ubersuggest match_keywords,Argentina,es,2026-09-24
declaratoria de herederos via notarial,0,4,0,1,0,,Ubersuggest match_keywords | Google autocomplete suggestions,Argentina,es,2026-09-24
declaratoria de herederos via notarial bolivia,0,4,0,1,0,,Ubersuggest match_keywords | Google autocomplete suggestions,Argentina,es,2026-09-24
declaratoria de herederos vía notarial honduras,0,4,0,1,0,,Ubersuggest match_keywords | Google autocomplete suggestions,Argentina,es,2026-09-24
declaratoria de herederos vs testamento,0,4,0,1,0,,Ubersuggest match_keywords | Google autocomplete comparisons,Argentina,es,2026-09-24
declaratoria de herederos y,0,4,0,1,0,,Ubersuggest match_keywords,Argentina,es,2026-09-24
declaratoria de herederos y albacea,0,4,0,1,0,,Ubersuggest match_keywords | Google autocomplete suggestions | Google autocomplete comparisons,Argentina,es,2026-09-24
declaratoria de herederos y juicio sucesorio,0,4,0,1,0,,Ubersuggest match_keywords | Google autocomplete suggestions | Google autocomplete comparisons,Argentina,es,2026-09-24
declaratoria de herederos y particion de bienes,0,4,0,1,0,,Ubersuggest match_keywords | Google autocomplete suggestions | Google autocomplete comparisons,Argentina,es,2026-09-24
declaratoria de herederos y peticion de herencia,0,4,0,1,0,,Ubersuggest match_keywords | Google autocomplete suggestions | Google autocomplete comparisons,Argentina,es,2026-09-24
declaratoria de herederos y sucesion intestada es lo mismo,0,4,0,1,0,,Ubersuggest match_keywords | Google autocomplete suggestions | Google autocomplete comparisons,Argentina,es,2026-09-24
declaratoria de herederos y testamento,0,4,0,1,0,,Ubersuggest match_keywords,Argentina,es,2026-09-24
declaratoria de herederos y testamento es lo mismo,0,4,0,1,0,,Ubersuggest match_keywords | Google autocomplete suggestions,Argentina,es,2026-09-24
demanda declaratoria de herederos modelo,0,4,0,1,0,,Ubersuggest match_keywords | Google autocomplete suggestions,Argentina,es,2026-09-24
desalojo con declaratoria de herederos,0,4,0,1,0,,Ubersuggest match_keywords | Google autocomplete prepositions,Argentina,es,2026-09-24
despues de declaratoria de herederos que sigue,0,4,0,1,0,,Ubersuggest match_keywords,Argentina,es,2026-09-24
después de la declaratoria de herederos,0,4,0,1,0,,Ubersuggest match_keywords,Argentina,es,2026-09-24
despues de la declaratoria de herederos que se hace,0,4,0,1,0,,Ubersuggest match_keywords | Google autocomplete suggestions,Argentina,es,2026-09-24
después de la declaratoria de herederos qué sigue,0,4,0,1,0,,Ubersuggest match_keywords,Argentina,es,2026-09-24
después de la declaratoria de herederos que sigue en argentina,0,4,0,1,0,,Ubersuggest match_keywords,Argentina,es,2026-09-24
dictada la declaratoria de herederos quien puede reclamar,0,4,0,1,0,,Ubersuggest match_keywords,Argentina,es,2026-09-24
diferencia entre declaratoria de herederos y aceptacion de herencia,0,4,0,1,0,,Ubersuggest match_keywords,Argentina,es,2026-09-24
diferencia entre declaratoria de herederos y peticion de herencia,0,4,0,1,0,,Ubersuggest match_keywords,Argentina,es,2026-09-24
documentacion para declaratoria de herederos,0,4,0,1,0,,Ubersuggest match_keywords,Argentina,es,2026-09-24
donde sacar declaratoria de herederos,0,4,0,1,0,,Ubersuggest match_keywords | Google autocomplete questions,Argentina,es,2026-09-24
donde se inicia la declaratoria de herederos,0,4,0,1,0,,Ubersuggest match_keywords,Argentina,es,2026-09-24
donde se pide la declaratoria de herederos,0,4,0,1,0,,Ubersuggest match_keywords,Argentina,es,2026-09-24
donde se publica la declaratoria de herederos,0,4,0,1,0,,Ubersuggest match_keywords | Google autocomplete questions,Argentina,es,2026-09-24
donde se registra la declaratoria de herederos,0,4,0,1,0,,Ubersuggest match_keywords,Argentina,es,2026-09-24
donde se saca declaratoria de herederos,0,4,0,1,0,,Ubersuggest match_keywords,Argentina,es,2026-09-24
donde se tramita la declaratoria de herederos,0,4,0,1,0,,Ubersuggest match_keywords,Argentina,es,2026-09-24
donde ver declaratoria de herederos,0,4,0,1,0,,Ubersuggest match_keywords | Google autocomplete questions,Argentina,es,2026-09-24
edictos declaratoria de herederos boletín oficial córdoba hoy,0,4,0,1,0,,Ubersuggest match_keywords | Google autocomplete suggestions,Argentina,es,2026-09-24
escrito declaratoria de herederos y nombramiento de albacea,0,4,0,1,0,,Ubersuggest match_keywords | Google autocomplete suggestions,Argentina,es,2026-09-24
ficha declaratoria de herederos san juan,0,4,0,1,0,,Ubersuggest match_keywords,Argentina,es,2026-09-24
formato de declaratoria de herederos en nicaragua,0,4,0,1,0,,Ubersuggest match_keywords,Argentina,es,2026-09-24
formulario 430 declaratoria de herederos,0,4,0,1,0,,Ubersuggest match_keywords | Google autocomplete suggestions,Argentina,es,2026-09-24
formulario declaratoria de herederos anmac,0,4,0,1,0,,Ubersuggest match_keywords | Google autocomplete suggestions,Argentina,es,2026-09-24
formulario declaratoria de herederos registro general santa fe,0,4,0,1,0,,Ubersuggest match_keywords | Google autocomplete suggestions,Argentina,es,2026-09-24
formulario declaratoria de herederos san juan,0,4,0,1,0,,Ubersuggest match_keywords | Google autocomplete suggestions,Argentina,es,2026-09-24
formulario para declaratoria de herederos,0,4,0,1,0,,Ubersuggest match_keywords,Argentina,es,2026-09-24
formulario para inscribir declaratoria de herederos,0,4,0,1,0,,Ubersuggest match_keywords,Argentina,es,2026-09-24
gastos declaratoria de herederos,0,4,0,1,0,,Ubersuggest match_keywords | Google autocomplete suggestions,Argentina,es,2026-09-24
gastos declaratoria de herederos cordoba,0,4,0,1,0,,Ubersuggest match_keywords | Google autocomplete suggestions,Argentina,es,2026-09-24
hay declaratoria de herederos en la sucesion testamentaria,0,4,0,1,0,,Ubersuggest match_keywords | Google autocomplete suggestions,Argentina,es,2026-09-24
honorarios abogados declaratoria de herederos,0,4,0,1,0,,Ubersuggest match_keywords,Argentina,es,2026-09-24
honorarios declaratoria de herederos sin bienes,0,4,0,1,0,,Ubersuggest match_keywords | Google autocomplete suggestions | Google autocomplete prepositions,Argentina,es,2026-09-24
honorarios hasta la declaratoria de herederos,0,4,0,1,0,,Ubersuggest match_keywords,Argentina,es,2026-09-24
inscripcion de la declaratoria de herederos o testamento,0,4,0,1,0,,Ubersuggest match_keywords | Google autocomplete suggestions | Google autocomplete comparisons,Argentina,es,2026-09-24
inscripcion declaratoria de herederos dnrpa,0,4,0,1,0,,Ubersuggest match_keywords | Google autocomplete suggestions,Argentina,es,2026-09-24
inscripcion declaratoria de herederos registro automotor,0,4,0,1,0,,Ubersuggest match_keywords,Argentina,es,2026-09-24
inscripcion declaratoria de herederos rpba,0,4,0,1,0,,Ubersuggest match_keywords,Argentina,es,2026-09-24
inscripcion declaratoria de herederos rpi caba,0,4,0,1,0,,Ubersuggest match_keywords | Google autocomplete suggestions,Argentina,es,2026-09-24
inscripcion declaratoria de herederos y cesion de derechos hereditarios,0,4,0,1,0,,Ubersuggest match_keywords,Argentina,es,2026-09-24
instructivo inscripcion declaratoria de herederos santa fe,0,4,0,1,0,,Ubersuggest match_keywords,Argentina,es,2026-09-24
juicio de declaratoria de herederos en nicaragua,0,4,0,1,0,,Ubersuggest match_keywords,Argentina,es,2026-09-24
juicio declaratoria de herederos,0,4,0,1,0,,Ubersuggest match_keywords | Google autocomplete suggestions,Argentina,es,2026-09-24
jurisprudencia sobre declaratoria de herederos,0,4,0,1,0,,Ubersuggest match_keywords,Argentina,es,2026-09-24
jus declaratoria de herederos,0,4,0,1,0,,Ubersuggest match_keywords,Argentina,es,2026-09-24
justicia cordoba declaratoria de herederos,0,4,0,1,0,,Ubersuggest match_keywords,Argentina,es,2026-09-24
la declaratoria de herederos en bolivia,0,4,0,1,0,,Ubersuggest match_keywords | Google autocomplete prepositions,Argentina,es,2026-09-24
la declaratoria de herederos es un juicio,0,4,0,1,0,,Ubersuggest match_keywords,Argentina,es,2026-09-24
la declaratoria de herederos es una sentencia,0,4,0,1,0,,Ubersuggest match_keywords | Google autocomplete suggestions | Google autocomplete prepositions,Argentina,es,2026-09-24
la declaratoria de herederos es una sentencia interlocutoria,0,4,0,1,0,,Ubersuggest match_keywords | Google autocomplete suggestions | Google autocomplete prepositions,Argentina,es,2026-09-24
la declaratoria de herederos hace cosa juzgada,0,4,0,1,0,,Ubersuggest match_keywords,Argentina,es,2026-09-24
la declaratoria de herederos no causa estado,0,4,0,1,0,,Ubersuggest match_keywords | Google autocomplete suggestions | Google autocomplete prepositions,Argentina,es,2026-09-24
la declaratoria de herederos se vence,0,4,0,1,0,,Ubersuggest match_keywords,Argentina,es,2026-09-24
ley 6767 declaratoria de herederos,0,4,0,1,0,,Ubersuggest match_keywords,Argentina,es,2026-09-24
memorial declaratoria de herederos bolivia,0,4,0,1,0,,Ubersuggest match_keywords,Argentina,es,2026-09-24
memorial para declaratoria de herederos en bolivia,0,4,0,1,0,,Ubersuggest match_keywords,Argentina,es,2026-09-24
oficio declaratoria de herederos,0,4,0,1,0,,Ubersuggest match_keywords | Google autocomplete suggestions,Argentina,es,2026-09-24
oficio inscripcion declaratoria de herederos registro automotor,0,4,0,1,0,,Ubersuggest match_keywords,Argentina,es,2026-09-24
oposicion a declaratoria de herederos,0,4,0,1,0,,Ubersuggest match_keywords,Argentina,es,2026-09-24
oposicion a declaratoria de herederos nicaragua,0,4,0,1,0,,Ubersuggest match_keywords | Google autocomplete suggestions | Google autocomplete prepositions,Argentina,es,2026-09-24
para declaratoria de herederos,0,4,0,1,0,,Ubersuggest match_keywords | Google autocomplete prepositions,Argentina,es,2026-09-24
perdi la declaratoria de herederos que hago,0,4,0,1,0,,Ubersuggest match_keywords | Google autocomplete suggestions,Argentina,es,2026-09-24
plazo para declaratoria de herederos,0,4,0,1,0,,Ubersuggest match_keywords,Argentina,es,2026-09-24
puedo vender con declaratoria de herederos,0,4,0,1,0,,Ubersuggest match_keywords,Argentina,es,2026-09-24
puedo vender una propiedad con la declaratoria de herederos,0,4,0,1,0,,Ubersuggest match_keywords,Argentina,es,2026-09-24
que costo tiene una declaratoria de herederos,0,4,0,1,0,,Ubersuggest match_keywords,Argentina,es,2026-09-24
que dice una declaratoria de herederos,0,4,0,1,0,,Ubersuggest match_keywords | Google autocomplete prepositions,Argentina,es,2026-09-24
que diferencia hay entre declaratoria de herederos y sucesion,0,4,0,1,0,,Ubersuggest match_keywords | Google autocomplete prepositions,Argentina,es,2026-09-24
que es declaratoria de herederos en argentina,0,4,0,1,0,,Ubersuggest match_keywords | Google autocomplete suggestions | Google autocomplete prepositions,Argentina,es,2026-09-24
que es declaratoria de herederos peru,0,4,0,1,0,,Ubersuggest match_keywords | Google autocomplete suggestions | Google autocomplete prepositions,Argentina,es,2026-09-24
que es la sentencia declaratoria de herederos,0,4,0,1,0,,Ubersuggest match_keywords,Argentina,es,2026-09-24
que es una declaratoria de herederos en nicaragua,0,4,0,1,0,,Ubersuggest match_keywords | Google autocomplete prepositions,Argentina,es,2026-09-24
qué pasa después de la declaratoria de herederos,0,4,0,1,0,,Ubersuggest match_keywords,Argentina,es,2026-09-24
que paso sigue despues de la declaratoria de herederos,0,4,0,1,0,,Ubersuggest match_keywords,Argentina,es,2026-09-24
que precio tiene una declaratoria de herederos,0,4,0,1,0,,Ubersuggest match_keywords,Argentina,es,2026-09-24
que quiere decir declaratoria de herederos,0,4,0,1,0,,Ubersuggest match_keywords,Argentina,es,2026-09-24
que sale hacer una declaratoria de herederos,0,4,0,1,0,,Ubersuggest match_keywords,Argentina,es,2026-09-24
qué se hace después de la declaratoria de herederos,0,4,0,1,0,,Ubersuggest match_keywords,Argentina,es,2026-09-24
que sigue despues de la declaratoria de herederos en argentina,0,4,0,1,0,,Ubersuggest match_keywords,Argentina,es,2026-09-24
qué sigue después de la declaratoria de herederos en argentina,0,4,0,1,0,,Ubersuggest match_keywords,Argentina,es,2026-09-24
que tipo de proceso es la declaratoria de herederos,0,4,0,1,0,,Ubersuggest match_keywords,Argentina,es,2026-09-24
que tramite sigue despues de la declaratoria de herederos,0,4,0,1,0,,Ubersuggest match_keywords,Argentina,es,2026-09-24
que valor tiene una declaratoria de herederos,0,4,0,1,0,,Ubersuggest match_keywords,Argentina,es,2026-09-24
que viene después de la declaratoria de herederos,0,4,0,1,0,,Ubersuggest match_keywords,Argentina,es,2026-09-24
quien emite la declaratoria de herederos,0,4,0,1,0,,Ubersuggest match_keywords,Argentina,es,2026-09-24
quien hace declaratoria de herederos,0,4,0,1,0,,Ubersuggest match_keywords | Google autocomplete questions,Argentina,es,2026-09-24
quien paga la declaratoria de herederos,0,4,0,1,0,,Ubersuggest match_keywords | Google autocomplete questions,Argentina,es,2026-09-24
quien puede hacer una declaratoria de herederos,0,4,0,1,0,,Ubersuggest match_keywords | Google autocomplete questions,Argentina,es,2026-09-24
quien puede iniciar una declaratoria de herederos,0,4,0,1,0,,Ubersuggest match_keywords | Google autocomplete questions,Argentina,es,2026-09-24
quien puede solicitar declaratoria de herederos,0,4,0,1,0,,Ubersuggest match_keywords | Google autocomplete questions,Argentina,es,2026-09-24
quien puede solicitar una declaratoria de herederos,0,4,0,1,0,,Ubersuggest match_keywords,Argentina,es,2026-09-24
quien realiza la declaratoria de herederos,0,4,0,1,0,,Ubersuggest match_keywords,Argentina,es,2026-09-24
registro de declaratoria de herederos san juan,0,4,0,1,0,,Ubersuggest match_keywords | Google autocomplete suggestions,Argentina,es,2026-09-24
requisitos declaratoria de herederos honduras,0,4,0,1,0,,Ubersuggest match_keywords | Google autocomplete suggestions,Argentina,es,2026-09-24
requisitos declaratoria de herederos nicaragua,0,4,0,1,0,,Ubersuggest match_keywords | Google autocomplete suggestions,Argentina,es,2026-09-24
requisitos declaratoria de herederos notarial,0,4,0,1,0,,Ubersuggest match_keywords,Argentina,es,2026-09-24
requisitos declaratoria de herederos notarial bolivia,0,4,0,1,0,,Ubersuggest match_keywords | Google autocomplete suggestions,Argentina,es,2026-09-24
requisitos para declaratoria de herederos bolivia 2025,0,4,0,1,0,,Ubersuggest match_keywords | Google autocomplete suggestions | Google autocomplete prepositions,Argentina,es,2026-09-24
requisitos para declaratoria de herederos derechos reales bolivia,0,4,0,1,0,,Ubersuggest match_keywords | Google autocomplete suggestions | Google autocomplete prepositions,Argentina,es,2026-09-24
requisitos para declaratoria de herederos la paz bolivia,0,4,0,1,0,,Ubersuggest match_keywords | Google autocomplete suggestions,Argentina,es,2026-09-24
requisitos para declaratoria de herederos notarial,0,4,0,1,0,,Ubersuggest match_keywords,Argentina,es,2026-09-24
requisitos para declaratoria de herederos via notarial,0,4,0,1,0,,Ubersuggest match_keywords | Google autocomplete suggestions,Argentina,es,2026-09-24
requisitos para la declaratoria de herederos via notarial en bolivia,0,4,0,1,0,,Ubersuggest match_keywords | Google autocomplete suggestions,Argentina,es,2026-09-24
se puede hacer declaratoria de herederos sin sucesion,0,4,0,1,0,,Ubersuggest match_keywords,Argentina,es,2026-09-24
se puede vender una propiedad con la declaratoria de herederos,0,4,0,1,0,,Ubersuggest match_keywords,Argentina,es,2026-09-24
sellados declaratoria de herederos santa fe,0,4,0,1,0,,Ubersuggest match_keywords,Argentina,es,2026-09-24
sentencia declaratoria de herederos modelo,0,4,0,1,0,,Ubersuggest match_keywords | Google autocomplete suggestions,Argentina,es,2026-09-24
servicios legales declaratoria de herederos,0,4,0,1,0,,Ubersuggest match_keywords,Argentina,es,2026-09-24
solicita inscripción declaratoria de herederos modelo,0,4,0,1,0,,Ubersuggest match_keywords,Argentina,es,2026-09-24
subsistencia declaratoria de herederos santa fe,0,4,0,1,0,,Ubersuggest match_keywords | Google autocomplete suggestions,Argentina,es,2026-09-24
sucesion intestada es igual a declaratoria de herederos,0,4,0,1,0,,Ubersuggest match_keywords,Argentina,es,2026-09-24
sucesión o declaratoria de herederos,0,4,0,1,0,,Ubersuggest match_keywords,Argentina,es,2026-09-24
sucesion y declaratoria de herederos,0,4,0,1,0,,Ubersuggest match_keywords,Argentina,es,2026-09-24
sucesión y declaratoria de herederos es lo mismo,0,4,0,1,0,,Ubersuggest match_keywords,Argentina,es,2026-09-24
sucesiones declaratoria de herederos,0,4,0,1,0,,Ubersuggest match_keywords,Argentina,es,2026-09-24
tasa de justicia declaratoria de herederos,0,4,0,1,0,,Ubersuggest match_keywords,Argentina,es,2026-09-24
tengo declaratoria de herederos como sigo,0,4,0,1,0,,Ubersuggest match_keywords,Argentina,es,2026-09-24
testamento vs declaratoria de herederos,0,4,0,1,0,,Ubersuggest match_keywords,Argentina,es,2026-09-24
testimonio ley 22172 declaratoria de herederos,0,4,0,1,0,,Ubersuggest match_keywords | Google autocomplete suggestions,Argentina,es,2026-09-24
tramite de declaratoria de herederos en bolivia,0,4,0,1,0,,Ubersuggest match_keywords,Argentina,es,2026-09-24
tramite declaratoria de herederos bolivia,0,4,0,1,0,,Ubersuggest match_keywords | Google autocomplete suggestions,Argentina,es,2026-09-24
una declaratoria de herederos,0,4,0,1,0,,Ubersuggest match_keywords | Google autocomplete suggestions,Argentina,es,2026-09-24
una vez hecha la declaratoria de herederos que pasa,0,4,0,1,0,,Ubersuggest match_keywords | Google autocomplete suggestions,Argentina,es,2026-09-24
venta de auto con declaratoria de herederos,0,4,0,1,0,,Ubersuggest match_keywords | Google autocomplete prepositions,Argentina,es,2026-09-24
venta de inmueble sin declaratoria de herederos,0,4,0,1,0,,Ubersuggest match_keywords | Google autocomplete prepositions,Argentina,es,2026-09-24
venta sin declaratoria de herederos,0,4,0,1,0,,Ubersuggest match_keywords,Argentina,es,2026-09-24
ver declaratoria de herederos,0,4,0,1,0,,Ubersuggest match_keywords | Google autocomplete suggestions,Argentina,es,2026-09-24
abogado de familia córdoba capital divorcios cuotas alimentarias sucesiones herencias alimentos,,,,,,,Google autocomplete suggestions,Argentina,es,2026-09-24
abogado sucesiones argentina,,,,,,,Google autocomplete suggestions | Google autocomplete comparisons,Argentina,es,2026-09-24
abogado sucesiones cordoba,,,,,,,Google autocomplete suggestions,Argentina,es,2026-09-24
abogado sucesiones y herencias,,,,,,,Google autocomplete suggestions,Argentina,es,2026-09-24
abogados sucesiones argentina,,,,,,,Google autocomplete suggestions | Google autocomplete comparisons,Argentina,es,2026-09-24
abogados sucesiones cordoba,,,,,,,Google autocomplete suggestions | Google autocomplete comparisons,Argentina,es,2026-09-24
abogados sucesiones herencias,,,,,,,Google autocomplete comparisons,Argentina,es,2026-09-24
abreviatura de declaratoria de herederos,,,,,,,Google autocomplete suggestions,Argentina,es,2026-09-24
alquilar inmueble sin declaratoria de herederos,,,,,,,Google autocomplete prepositions,Argentina,es,2026-09-24
cesion de derechos hereditarios sin declaratoria de herederos,,,,,,,Google autocomplete prepositions,Argentina,es,2026-09-24
como buscar declaratoria de herederos,,,,,,,Google autocomplete questions,Argentina,es,2026-09-24
como hacer una declaratoria de herederos en puerto rico,,,,,,,Google autocomplete questions,Argentina,es,2026-09-24
como iniciar declaratoria de herederos,,,,,,,Google autocomplete questions,Argentina,es,2026-09-24
como sacar declaratoria de herederos,,,,,,,Google autocomplete questions,Argentina,es,2026-09-24
como sacar declaratoria de herederos en bolivia,,,,,,,Google autocomplete questions,Argentina,es,2026-09-24
como tramitar declaratoria de herederos,,,,,,,Google autocomplete questions,Argentina,es,2026-09-24
como ver una declaratoria de herederos,,,,,,,Google autocomplete questions,Argentina,es,2026-09-24
con la declaratoria de herederos,,,,,,,Google autocomplete prepositions,Argentina,es,2026-09-24
con la declaratoria de herederos se puede escriturar,,,,,,,Google autocomplete prepositions,Argentina,es,2026-09-24
con la declaratoria de herederos se puede vender una casa,,,,,,,Google autocomplete prepositions,Argentina,es,2026-09-24
cordoba sucesiones,,,,,,,Google autocomplete suggestions | Google autocomplete prepositions,Argentina,es,2026-09-24
cual es el costo de una declaratoria de herederos en argentina,,,,,,,Google autocomplete questions,Argentina,es,2026-09-24
cuanto cuesta una declaratoria de herederos en honduras,,,,,,,Google autocomplete suggestions,Argentina,es,2026-09-24
cuanto cuesta una declaratoria de herederos en nicaragua,,,,,,,Google autocomplete suggestions,Argentina,es,2026-09-24
declaratoria de herederos 2024,,,,,,,Google autocomplete suggestions,Argentina,es,2026-09-24
declaratoria de herederos ab intestato,,,,,,,Google autocomplete suggestions,Argentina,es,2026-09-24
declaratoria de herederos acreedores,,,,,,,Google autocomplete suggestions,Argentina,es,2026-09-24
declaratoria de herederos ante notario,,,,,,,Google autocomplete suggestions,Argentina,es,2026-09-24
declaratoria de herederos ante notario bolivia,,,,,,,Google autocomplete suggestions,Argentina,es,2026-09-24
declaratoria de herederos articulo codigo civil y comercial,,,,,,,Google autocomplete suggestions,Argentina,es,2026-09-24
declaratoria de herederos boletin oficial,,,,,,,Google autocomplete suggestions,Argentina,es,2026-09-24
declaratoria de herederos bolivia,,,,,,,Google autocomplete suggestions,Argentina,es,2026-09-24
declaratoria de herederos bolivia 2024,,,,,,,Google autocomplete suggestions,Argentina,es,2026-09-24
declaratoria de herederos bolivia impuestos,,,,,,,Google autocomplete suggestions,Argentina,es,2026-09-24
declaratoria de herederos bolivia plazo,,,,,,,Google autocomplete suggestions,Argentina,es,2026-09-24
declaratoria de herederos bolivia requisitos,,,,,,,Google autocomplete suggestions,Argentina,es,2026-09-24
declaratoria de herederos casa,,,,,,,Google autocomplete suggestions,Argentina,es,2026-09-24
declaratoria de herederos ccc,,,,,,,Google autocomplete suggestions,Argentina,es,2026-09-24
declaratoria de herederos codigo civil y comercial,,,,,,,Google autocomplete suggestions | Google autocomplete comparisons,Argentina,es,2026-09-24
declaratoria de herederos con beneficio de inventario bolivia,,,,,,,Google autocomplete suggestions,Argentina,es,2026-09-24
declaratoria de herederos conjunta,,,,,,,Google autocomplete suggestions,Argentina,es,2026-09-24
declaratoria de herederos cónyuge,,,,,,,Google autocomplete comparisons,Argentina,es,2026-09-24
declaratoria de herederos cuanto cuesta,,,,,,,Google autocomplete suggestions,Argentina,es,2026-09-24
declaratoria de herederos cuanto demora,,,,,,,Google autocomplete suggestions,Argentina,es,2026-09-24
declaratoria de herederos edictos,,,,,,,Google autocomplete suggestions,Argentina,es,2026-09-24
declaratoria de herederos efectos,,,,,,,Google autocomplete suggestions,Argentina,es,2026-09-24
declaratoria de herederos en bolivia,,,,,,,Google autocomplete suggestions,Argentina,es,2026-09-24
declaratoria de herederos en florida,,,,,,,Google autocomplete suggestions,Argentina,es,2026-09-24
declaratoria de herederos en ingles,,,,,,,Google autocomplete suggestions,Argentina,es,2026-09-24
declaratoria de herederos en nicaragua,,,,,,,Google autocomplete suggestions,Argentina,es,2026-09-24
declaratoria de herederos en peru,,,,,,,Google autocomplete suggestions,Argentina,es,2026-09-24
declaratoria de herederos en una sucesion,,,,,,,Google autocomplete suggestions,Argentina,es,2026-09-24
declaratoria de herederos escritura,,,,,,,Google autocomplete suggestions,Argentina,es,2026-09-24
declaratoria de herederos fallecido,,,,,,,Google autocomplete suggestions,Argentina,es,2026-09-24
declaratoria de herederos formato,,,,,,,Google autocomplete suggestions,Argentina,es,2026-09-24
declaratoria de herederos honduras,,,,,,,Google autocomplete suggestions,Argentina,es,2026-09-24
declaratoria de herederos honorarios,,,,,,,Google autocomplete suggestions,Argentina,es,2026-09-24
declaratoria de herederos inmuebles,,,,,,,Google autocomplete suggestions | Google autocomplete comparisons,Argentina,es,2026-09-24
declaratoria de herederos inscripción,,,,,,,Google autocomplete suggestions,Argentina,es,2026-09-24
declaratoria de herederos ius,,,,,,,Google autocomplete comparisons,Argentina,es,2026-09-24
declaratoria de herederos judicial bolivia,,,,,,,Google autocomplete suggestions,Argentina,es,2026-09-24
declaratoria de herederos mexico,,,,,,,Google autocomplete suggestions,Argentina,es,2026-09-24
declaratoria de herederos nicaragua,,,,,,,Google autocomplete suggestions,Argentina,es,2026-09-24
declaratoria de herederos notarial bolivia,,,,,,,Google autocomplete suggestions,Argentina,es,2026-09-24
declaratoria de herederos notarial requisitos,,,,,,,Google autocomplete suggestions,Argentina,es,2026-09-24
declaratoria de herederos nuevo código civil nicaragua,,,,,,,Google autocomplete suggestions,Argentina,es,2026-09-24
declaratoria de herederos o sucesión,,,,,,,Google autocomplete suggestions | Google autocomplete comparisons,Argentina,es,2026-09-24
declaratoria de herederos o sucesion intestada,,,,,,,Google autocomplete suggestions | Google autocomplete comparisons,Argentina,es,2026-09-24
declaratoria de herederos para cobrar seguro de vida,,,,,,,Google autocomplete suggestions,Argentina,es,2026-09-24
declaratoria de herederos parcial,,,,,,,Google autocomplete suggestions,Argentina,es,2026-09-24
declaratoria de herederos porcentajes,,,,,,,Google autocomplete suggestions,Argentina,es,2026-09-24
declaratoria de herederos precio 2026,,,,,,,Google autocomplete suggestions,Argentina,es,2026-09-24
declaratoria de herederos puerto rico,,,,,,,Google autocomplete suggestions,Argentina,es,2026-09-24
declaratoria de herederos que necesito,,,,,,,Google autocomplete suggestions,Argentina,es,2026-09-24
declaratoria de herederos que significa,,,,,,,Google autocomplete suggestions,Argentina,es,2026-09-24
declaratoria de herederos requisitos,,,,,,,Google autocomplete suggestions,Argentina,es,2026-09-24
declaratoria de herederos sin sucesion,,,,,,,Google autocomplete suggestions | Google autocomplete prepositions,Argentina,es,2026-09-24
declaratoria de herederos sucesion,,,,,,,Google autocomplete suggestions,Argentina,es,2026-09-24
declaratoria de herederos sunarp,,,,,,,Google autocomplete suggestions,Argentina,es,2026-09-24
declaratoria de herederos tramite,,,,,,,Google autocomplete suggestions,Argentina,es,2026-09-24
declaratoria de herederos y nombramiento de albacea,,,,,,,Google autocomplete suggestions | Google autocomplete comparisons,Argentina,es,2026-09-24
declaratoria de herederos y tracto abreviado,,,,,,,Google autocomplete suggestions | Google autocomplete comparisons,Argentina,es,2026-09-24
declaratoria de los herederos,,,,,,,Google autocomplete suggestions,Argentina,es,2026-09-24
declaratoria herederos argentina,,,,,,,Google autocomplete questions,Argentina,es,2026-09-24
diferencia entre declaratoria de herederos y sucesion intestada,,,,,,,Google autocomplete suggestions | Google autocomplete comparisons,Argentina,es,2026-09-24
diferencia entre declaratoria de herederos y testamento,,,,,,,Google autocomplete suggestions | Google autocomplete comparisons,Argentina,es,2026-09-24
donde buscar declaratoria de herederos,,,,,,,Google autocomplete questions,Argentina,es,2026-09-24
dónde inscribir la declaratoria de herederos en provincia de buenos aires,,,,,,,Google autocomplete questions,Argentina,es,2026-09-24
donde se hace declaratoria de herederos,,,,,,,Google autocomplete questions,Argentina,es,2026-09-24
dónde se inscribe la declaratoria de herederos,,,,,,,Google autocomplete questions,Argentina,es,2026-09-24
donde se solicita la declaratoria de herederos,,,,,,,Google autocomplete questions,Argentina,es,2026-09-24
ficha declaratoria de herederos,,,,,,,Google autocomplete suggestions,Argentina,es,2026-09-24
formato de declaratoria de herederos honduras,,,,,,,Google autocomplete suggestions,Argentina,es,2026-09-24
formato declaratoria de herederos en puerto rico,,,,,,,Google autocomplete suggestions,Argentina,es,2026-09-24
formulario declaratoria de herederos santa fe,,,,,,,Google autocomplete suggestions,Argentina,es,2026-09-24
honorarios sucesion cordoba,,,,,,,Google autocomplete suggestions,Argentina,es,2026-09-24
inscripcion declaratoria de herederos gestoria,,,,,,,Google autocomplete suggestions,Argentina,es,2026-09-24
inscripción declaratoria de herederos registro automotor,,,,,,,Google autocomplete suggestions,Argentina,es,2026-09-24
la declaratoria de herederos es la sucesión,,,,,,,Google autocomplete prepositions,Argentina,es,2026-09-24
la declaratoria de herederos es lo mismo que la sucesión,,,,,,,Google autocomplete questions | Google autocomplete prepositions,Argentina,es,2026-09-24
la declaratoria de herederos es obligatoria,,,,,,,Google autocomplete prepositions,Argentina,es,2026-09-24
la declaratoria de herederos para que sirve,,,,,,,Google autocomplete prepositions,Argentina,es,2026-09-24
la declaratoria de herederos prescribe,,,,,,,Google autocomplete prepositions,Argentina,es,2026-09-24
la declaratoria de herederos se inscribe,,,,,,,Google autocomplete suggestions | Google autocomplete prepositions,Argentina,es,2026-09-24
la declaratoria de herederos se puede hacer en vida,,,,,,,Google autocomplete prepositions,Argentina,es,2026-09-24
la declaratoria de herederos sirve como garantia,,,,,,,Google autocomplete suggestions | Google autocomplete prepositions,Argentina,es,2026-09-24
la declaratoria de herederos vence,,,,,,,Google autocomplete suggestions,Argentina,es,2026-09-24
modelo de declaratoria de herederos en bolivia 2021,,,,,,,Google autocomplete suggestions,Argentina,es,2026-09-24
modelo declaratoria de herederos notarial bolivia,,,,,,,Google autocomplete suggestions,Argentina,es,2026-09-24
oficio inscripcion declaratoria de herederos,,,,,,,Google autocomplete suggestions,Argentina,es,2026-09-24
oficio inscripcion declaratoria de herederos automotor,,,,,,,Google autocomplete suggestions,Argentina,es,2026-09-24
para una declaratoria de herederos,,,,,,,Google autocomplete suggestions,Argentina,es,2026-09-24
partida electrónica de declaratoria de herederos o testamento inscrito en registros públicos,,,,,,,Google autocomplete suggestions | Google autocomplete comparisons,Argentina,es,2026-09-24
pasos para declaratoria de herederos bolivia,,,,,,,Google autocomplete prepositions,Argentina,es,2026-09-24
plazo para declaratoria de herederos bolivia,,,,,,,Google autocomplete prepositions,Argentina,es,2026-09-24
poder para declaratoria de herederos bolivia,,,,,,,Google autocomplete prepositions,Argentina,es,2026-09-24
que cuesta una declaratoria de herederos,,,,,,,Google autocomplete prepositions,Argentina,es,2026-09-24
que es la declaratoria de herederos en bolivia,,,,,,,Google autocomplete prepositions,Argentina,es,2026-09-24
que es la declaratoria de herederos en cuba,,,,,,,Google autocomplete prepositions,Argentina,es,2026-09-24
qué es la declaratoria de herederos en una sucesión,,,,,,,Google autocomplete questions,Argentina,es,2026-09-24
que es sentencia declaratoria de herederos,,,,,,,Google autocomplete prepositions,Argentina,es,2026-09-24
que necesito para declaratoria de herederos,,,,,,,Google autocomplete prepositions,Argentina,es,2026-09-24
qué significa declaratoria de herederos,,,,,,,Google autocomplete questions,Argentina,es,2026-09-24
requisitos para declaratoria de herederos,,,,,,,Google autocomplete prepositions,Argentina,es,2026-09-24
requisitos para declaratoria de herederos bolivia,,,,,,,Google autocomplete prepositions,Argentina,es,2026-09-24
requisitos para declaratoria de herederos bolivia 2023,,,,,,,Google autocomplete suggestions,Argentina,es,2026-09-24
requisitos para declaratoria de herederos bolivia 2026,,,,,,,Google autocomplete suggestions,Argentina,es,2026-09-24
requisitos para declaratoria de herederos en honduras,,,,,,,Google autocomplete prepositions,Argentina,es,2026-09-24
requisitos para declaratoria de herederos en nicaragua,,,,,,,Google autocomplete prepositions,Argentina,es,2026-09-24
requisitos para declaratoria de herederos en perú,,,,,,,Google autocomplete prepositions,Argentina,es,2026-09-24
requisitos para declaratoria de herederos en puerto rico,,,,,,,Google autocomplete prepositions,Argentina,es,2026-09-24
requisitos para declaratoria de herederos notarial bolivia,,,,,,,Google autocomplete prepositions,Argentina,es,2026-09-24
se puede vender sin declaratoria de herederos,,,,,,,Google autocomplete prepositions,Argentina,es,2026-09-24
se puede vender una casa sin declaratoria de herederos,,,,,,,Google autocomplete prepositions,Argentina,es,2026-09-24
sucesion cordoba,,,,,,,Google autocomplete suggestions,Argentina,es,2026-09-24
sucesion en cordoba,,,,,,,Google autocomplete suggestions,Argentina,es,2026-09-24
sucesion indivisa cordoba,,,,,,,Google autocomplete suggestions | Google autocomplete comparisons,Argentina,es,2026-09-24
sucesion indivisa de,,,,,,,Google autocomplete suggestions | Google autocomplete comparisons,Argentina,es,2026-09-24
sucesión indivisa rentas córdoba,,,,,,,Google autocomplete suggestions | Google autocomplete comparisons,Argentina,es,2026-09-24
sucesion testamentaria cordoba,,,,,,,Google autocomplete suggestions,Argentina,es,2026-09-24
sucesiones cordoba argentina,,,,,,,Google autocomplete suggestions | Google autocomplete comparisons,Argentina,es,2026-09-24
tramite para declaratoria de herederos,,,,,,,Google autocomplete prepositions,Argentina,es,2026-09-24
transferencia automotor con declaratoria de herederos,,,,,,,Google autocomplete prepositions,Argentina,es,2026-09-24
transferencia con declaratoria de herederos,,,,,,,Google autocomplete prepositions,Argentina,es,2026-09-24
vender inmueble con declaratoria de herederos,,,,,,,Google autocomplete prepositions,Argentina,es,2026-09-24
